store,websites,attribute_set,type,has_options,sku,cost
admin,base,Default,simple,0,762446454006,12.99
admin,base,Default,simple,0,762446404001,12.99
admin,base,Default,simple,0,799953210207,8.99
admin,base,Default,simple,0,799953209201,8.99
admin,base,Default,simple,0,799953231202,8.99
admin,base,Default,simple,0,799953221203,8.99
admin,base,Default,simple,0,042037104627,15.95
admin,base,Default,simple,0,042037104733,14.99
admin,base,Default,simple,0,042037104580,14.99
admin,base,Default,simple,0,042037104597,15.95
admin,base,Default,simple,0,716165171454,29.99
admin,base,Default,simple,0,716165174240,19.99
admin,base,Default,simple,0,716165177326,19.99
admin,base,Default,simple,0,716165174226,34.99
admin,base,Default,simple,0,716165179184,20.99
admin,base,Default,simple,0,716165179221,21.99
admin,base,Default,simple,0,716165174189,21.99
admin,base,Default,simple,0,716165201618,44
admin,base,Default,simple,0,022600957010,8.99
admin,base,Default,simple,0,022600973201,8.99
admin,base,Default,simple,0,022600647201,8.99
admin,base,Default,simple,0,816518018891,12.99
admin,base,Default,simple,0,816518019096,12.99
admin,base,Default,simple,0,816518019072,12.99
admin,base,Default,simple,0,816518017177,10.99
admin,base,Default,simple,0,816518017238,10.99
admin,base,Default,simple,0,816518017306,10.99
admin,base,Default,simple,0,816518017283,10.99
admin,base,Default,simple,0,688149210117,3.33
admin,base,Default,simple,0,688149210018,3.33
admin,base,Default,simple,0,688149210216,3.33
admin,base,Default,simple,0,20745527101048,1.33
admin,base,Default,simple,0,20745527101024,1.33
admin,base,Default,simple,0,20745527101031,1.33
admin,base,Default,simple,0,20745527101017,1.33
admin,base,Default,simple,0,688149240077,0.49
admin,base,Default,simple,0,688149240060,0.49
admin,base,Default,simple,0,688149240053,0.49
admin,base,Default,simple,0,688149240046,0.49
admin,base,Default,simple,0,688149240039,0.49
admin,base,Default,simple,0,688149240022,0.49
admin,base,Default,simple,0,688149240015,0.49
admin,base,Default,simple,0,688149240008,0.49
admin,base,Default,simple,0,20688149250025,3.65
admin,base,Default,simple,0,20688149250018,3.65
admin,base,Default,simple,0,20688149250049,3.65
admin,base,Default,simple,0,20688149250032,3.65
admin,base,Default,simple,0,688149230054,0.49
admin,base,Default,simple,0,688149230047,0.49
admin,base,Default,simple,0,688149230030,0.49
admin,base,Default,simple,0,688149230023,0.49
admin,base,Default,simple,0,688149230061,0.49
admin,base,Default,simple,0,688149230009,0.49
admin,base,Default,simple,0,688149230016,0.49
admin,base,Default,simple,0,10745527170009,11.99
admin,base,Default,simple,0,20688149260024,4.99
admin,base,Default,simple,0,20688149260017,4.99
admin,base,Default,simple,0,812319017224,7.69
admin,base,Default,simple,0,818892016241,7.69
admin,base,Default,simple,0,812319018870,7.69
admin,base,Default,simple,0,818892012434,7.69
admin,base,Default,simple,0,818892013844,7.69
admin,base,Default,simple,0,818892013097,7.69
admin,base,Default,simple,0,818892011314,7.69
admin,base,Default,simple,0,818892010782,7.69
admin,base,Default,simple,0,818892010089,7.69
admin,base,Default,simple,0,818892010201,7.69
admin,base,Default,simple,0,812319017255,7.69
admin,base,Default,simple,0,818892010027,7.69
admin,base,Default,simple,0,818892012465,7.69
admin,base,Default,simple,0,818892012496,7.69
admin,base,Default,simple,0,818892013943,8.19
admin,base,Default,simple,0,818892017095,8.19
admin,base,Default,simple,0,818892016302,8.19
admin,base,Default,simple,0,818892013967,8.19
admin,base,Default,simple,0,818892017125,8.19
admin,base,Default,simple,0,818892014377,8.19
admin,base,Default,simple,0,818892014438,8.19
admin,base,Default,simple,0,818892013905,8.19
admin,base,Default,simple,0,818892013929,8.19
admin,base,Default,simple,0,818892013882,8.19
admin,base,Default,simple,0,818892013981,8.19
admin,base,Default,simple,0,818892014407,8.19
admin,base,Default,simple,0,10000113,4
admin,base,Default,simple,0,10000112,4
admin,base,Default,simple,0,10000111,3
admin,base,Default,simple,0,10000110,3
admin,base,Default,simple,0,10000109,3
admin,base,Default,simple,0,10000108,2
admin,base,Default,simple,0,10000107,2
admin,base,Default,simple,0,10000106,0.99
admin,base,Default,simple,0,10000105,0.7
admin,base,Default,simple,0,073096500297,0.69
admin,base,Default,simple,0,073096500235,0.65
admin,base,Default,simple,0,073096500273,0.59
admin,base,Default,simple,0,10000104,27.99
admin,base,Default,simple,0,10000103,24.99
admin,base,Default,simple,0,10000102,21.5
admin,base,Default,simple,0,073096500204,0.62
admin,base,Default,simple,0,10000101,5.99
admin,base,Default,simple,0,039800013613,2.25
admin,base,Default,simple,0,039800014009,0.99
admin,base,Default,simple,0,039800015464,0.95
admin,base,Default,simple,0,039800099099,1.75
admin,base,Default,simple,0,039800011329,1.75
admin,base,Default,simple,0,039800011367,2.25
admin,base,Default,simple,0,039800011398,2.2
admin,base,Default,simple,0,05000394097964,1.5
admin,base,Default,simple,0,05000394026612,1.5
admin,base,Default,simple,0,829716395657,7.99
admin,base,Default,simple,0,829716395640,7.99
admin,base,Default,simple,0,05000394026735,0.85
admin,base,Default,simple,0,05000394026582,0.85
admin,base,Default,simple,0,5000394026742,1.89
admin,base,Default,simple,0,041333214016,2.25
admin,base,Default,simple,0,041333213019,2.4
admin,base,Default,simple,0,829716395619,9.25
admin,base,Default,simple,0,829716395602,8.5
admin,base,Default,simple,0,079594184021,5.75
admin,base,Default,simple,0,079594184045,4.75
admin,base,Default,simple,0,816559010953,0.69
admin,base,Default,simple,0,7702018935550,1.79
admin,base,Default,simple,0,719410750121,18.75
admin,base,Default,simple,0,7506295301912,0.59
admin,base,Default,simple,0,073010214095,1.99
admin,base,Default,simple,0,4005808160235,0.89
admin,base,Default,simple,0,4005808160242,1.45
admin,base,Default,simple,0,022200940207,0.99
admin,base,Default,simple,0,022200940214,0.99
admin,base,Default,simple,0,022200940221,1.99
admin,base,Default,simple,0,073852007725,0.59
admin,base,Default,simple,0,073852007749,0.79
admin,base,Default,simple,0,047400130708,2.09
admin,base,Default,simple,0,047400650046,2.09
admin,base,Default,simple,0,047400130715,2.09
admin,base,Default,simple,0,047400648876,1.09
admin,base,Default,simple,0,047400130920,1.12
admin,base,Default,simple,0,035000744586,0.89
admin,base,Default,simple,0,6001085128591,11.99
admin,base,Default,simple,0,6001085128553,11.99
admin,base,Default,simple,0,6001085128539,11.99
admin,base,Default,simple,0,08712561668026,11.99
admin,base,Default,simple,0,08717644256169,11.99
admin,base,Default,simple,0,035000744593,0.89
admin,base,Default,simple,0,035000512109,0.89
admin,base,Default,simple,0,035000744609,0.89
admin,base,Default,simple,0,035000509093,0.89
admin,base,Default,simple,0,8000700000005,0.69
admin,base,Default,simple,0,067238891183,0.69
admin,base,Default,simple,0,800050405004,2.75
admin,base,Default,simple,0,800182406504,2.75
admin,base,Default,simple,0,819032405000,3.75
admin,base,Default,simple,0,800061901007,4.75
admin,base,Default,simple,0,824201806502,4.75
admin,base,Default,simple,0,800061606506,4.75
admin,base,Default,simple,0,800182005004,1.99
admin,base,Default,simple,0,809160501002,5.99
admin,base,Default,simple,0,054890000923,12
admin,base,Default,simple,0,855026005269,5.99
admin,base,Default,simple,0,636227600763,7
admin,base,Default,simple,0,855026005276,5.99
admin,base,Default,simple,0,636227600756,9
admin,base,Default,simple,0,855026005160,5.99
admin,base,Default,simple,0,855026005177,5.99
admin,base,Default,simple,0,854026005217,5.99
admin,base,Default,simple,0,855026005207,5.99
admin,base,Default,simple,0,9811016005153,5.99
admin,base,Default,simple,0,855026005191,5.99
admin,base,Default,simple,0,855026005252,5.99
admin,base,Default,simple,0,855026005214,5.99
admin,base,Default,simple,0,855026005238,5.99
admin,base,Default,simple,0,855026005184,5.99
admin,base,Default,simple,0,855026005085,5.99
admin,base,Default,simple,0,855026005115,5.99
admin,base,Default,simple,0,855026005108,5.99
admin,base,Default,simple,0,855026005122,5.99
admin,base,Default,simple,0,087169816666,30.99
admin,base,Default,simple,0,0087169816680,32.99
admin,base,Default,simple,0,087169816673,25.99
admin,base,Default,simple,0,0087169816697,27.99
admin,base,Default,simple,0,087169816772,45
admin,base,Default,simple,0,0087169816789,47
admin,base,Default,simple,0,077170101141,48.99
admin,base,Default,simple,0,018505124596,10.99
admin,base,Default,simple,0,018505124619,10.99
admin,base,Default,simple,0,077170107327,49.99
admin,base,Default,simple,0,716165150534,21
admin,base,Default,simple,0,716165152156,29.99
admin,base,Default,simple,0,718187101969,18.99
admin,base,Default,simple,0,018505128501,74.95
admin,base,Default,simple,0,070195595209,47.99
admin,base,Default,simple,0,070195591331,47.99
admin,base,Default,simple,0,070195599450,47.99
admin,base,Default,simple,0,077170101875,48.99
admin,base,Default,simple,0,515791213,39.99
admin,base,Default,simple,0,51579-2150,21
admin,base,Default,simple,0,51579 - 1202,24
admin,base,Default,simple,0,348001620156,7.99
admin,base,Default,simple,0,762446705009,10.99
admin,base,Default,simple,0,762446704200,10.99
admin,base,Default,simple,0,762446701001,10.99
admin,base,Default,simple,0,762446400201,8.09
admin,base,Default,simple,0,762446420209,8.09
admin,base,Default,simple,0,762446410200,8.09
admin,base,Default,simple,0,716165201861,45
admin,base,Default,simple,0,716165201595,44
admin,base,Default,simple,0,077170511445,
admin,base,Default,simple,0,899789002424,9.9
admin,base,Default,simple,0,816568010340,8.25
admin,base,Default,simple,0,816568010364,8.25
admin,base,Default,simple,0,816568010357,8.25
admin,base,Default,simple,0,816568010227,15.25
admin,base,Default,simple,0,816568010234,15.25
admin,base,Default,simple,0,816568010241,15.25
admin,base,Default,simple,0,716165177388,14.99
admin,base,Default,simple,0,716165201045,31.99
admin,base,Default,simple,0,716165177364,41.99
admin,base,Default,simple,0,716165174585,28.99
admin,base,Default,simple,0,716165158066,7.99
admin,base,Default,simple,0,716165179702,32.99
admin,base,Default,simple,0,716165177128,34.99
admin,base,Default,simple,0,086400901215,13.09
admin,base,Default,simple,0,086400901277,13.09
admin,base,Default,simple,0,086400901246,13.09
admin,base,Default,simple,0,079083127249,28.49
admin,base,Default,simple,0,077170632829,9.6
admin,base,Default,simple,0,077170632539,21.99
admin,base,Default,simple,0,812615003273,5
admin,base,Default,simple,0,812615003280,5
admin,base,Default,simple,0,10000267,150
admin,base,Default,simple,0,1.86351E+12,9.99
admin,base,Default,simple,0,018505129508,19.99
admin,base,Default,simple,0,8.16351E+12,19.99
admin,base,Default,simple,0,016165150115,1.69
admin,base,Default,simple,0,016165006597,1.69
admin,base,Default,simple,0,016165008683,2.24
admin,base,Default,simple,0,716165174325,2.24
admin,base,Default,simple,0,016165009116,2.24
admin,base,Default,simple,0,077170462020,10.19
admin,base,Default,simple,0,077170462013,10.19
admin,base,Default,simple,0,077170462006,10.19
admin,base,Default,simple,0,077170462600,10.19
admin,base,Default,simple,0,077170104005,5.59
admin,base,Default,simple,0,077170104029,5.59
admin,base,Default,simple,0,077170104111,6.15
admin,base,Default,simple,0,077170104135,6.15
admin,base,Default,simple,0,077170104159,6.15
admin,base,Default,simple,0,077170104050,2.59
admin,base,Default,simple,0,077170104074,2.59
admin,base,Default,simple,0,077170104098,2.59
admin,base,Default,simple,0,899789002868,8.99
admin,base,Default,simple,0,899789002837,8.99
admin,base,Default,simple,0,899789002851,8.99
admin,base,Default,simple,0,899789002844,8.99
admin,base,Default,simple,0,899789002721,3.5
admin,base,Default,simple,0,700729253748,3.5
admin,base,Default,simple,0,812615003426,3.55
admin,base,Default,simple,0,812615003433,3.55
admin,base,Default,simple,0,812615003419,3.55
admin,base,Default,simple,0,812615003471,7.49
admin,base,Default,simple,0,812615003464,7.49
admin,base,Default,simple,0,812615003488,7.49
admin,base,Default,simple,0,054890000688,19.99
admin,base,Default,simple,0,077170102063,6.09
admin,base,Default,simple,0,077170108201,7.49
admin,base,Default,simple,0,077170633864,3.49
admin,base,Default,simple,0,077170633871,3.49
admin,base,Default,simple,0,077170633826,7.99
admin,base,Default,simple,0,077170633888,3.49
admin,base,Default,simple,0,077170633802,7.99
admin,base,Default,simple,0,077170260916,21.99
admin,base,Default,simple,0,077170632522,9.6
admin,base,Default,simple,0,077170632720,9.6
admin,base,Default,simple,0,077170103794,3.49
admin,base,Default,simple,0,077170632874,8.25
admin,base,Default,simple,0,077170632881,8.25
admin,base,Default,simple,0,077170632867,3.49
admin,base,Default,simple,0,051623324318,11.25
admin,base,Default,simple,0,051623324301,11.25
admin,base,Default,simple,0,051623324325,11.25
admin,base,Default,simple,0,077170633703,3.25
admin,base,Default,simple,0,077170633604,8.45
admin,base,Default,simple,0,163054000218,120
admin,base,Default,simple,0,10000236,325
admin,base,Default,simple,0,10000212,85
admin,base,Default,simple,0,085806470004,19.49
admin,base,Default,simple,0,655708019610,8.99
admin,base,Default,simple,0,655708019665,8.99
admin,base,Default,simple,0,042037104610,27.59
admin,base,Default,simple,0,014558192858,8.99
admin,base,Default,simple,0,819358030023,8.99
admin,base,Default,simple,0,655708017821,8.99
admin,base,Default,simple,0,00026948140530,24.99
admin,base,Default,simple,0,00026948104112,24.99
admin,base,Default,simple,0,00026948110328,24.99
admin,base,Default,simple,0,071153660465,2.19
admin,base,Default,simple,0,071153785731,2.19
admin,base,Default,simple,0,071153785717,2.19
admin,base,Default,simple,0,071153002036,1.99
admin,base,Default,simple,0,021400502000,32.99
admin,base,Default,simple,0,021400502048,32.99
admin,base,Default,simple,0,021400502031,32.99
admin,base,Default,simple,0,20071611936099,40.99
admin,base,Default,simple,0,10071611836538,40.99
admin,base,Default,simple,0,071611836197,40.99
admin,base,Default,simple,0,856456002156,15.99
admin,base,Default,simple,0,856456002132,15.99
admin,base,Default,simple,0,856456002125,15.99
admin,base,Default,simple,0,073135008166,0.89
admin,base,Default,simple,0,076568796518,32.99
admin,base,Default,simple,0,076568796532,32.99
admin,base,Default,simple,0,076568796525,32.99
admin,base,Default,simple,0,079223056002,10.49
admin,base,Default,simple,0,079223023004,6.99
admin,base,Default,simple,0,079223012008,5.99
admin,base,Default,simple,0,00079191061442,18.99
admin,base,Default,simple,0,00079191061473,18.99
admin,base,Default,simple,0,00079191061466,18.99
admin,base,Default,simple,0,00079191061459,18.99
admin,base,Default,simple,0,642125393072,3.16
admin,base,Default,simple,0,077170260138,21.49
admin,base,Default,simple,0,077170260473,21.49
admin,base,Default,simple,0,856849000684,2.49
admin,base,Default,simple,0,856849000653,2.49
admin,base,Default,simple,0,018505125166,2.25
admin,base,Default,simple,0,018505125203,2.25
admin,base,Default,simple,0,018505125197,2.25
admin,base,Default,simple,0,018505125180,2.25
admin,base,Default,simple,0,018505125173,2.25
admin,base,Default,simple,0,018505125210,2.25
admin,base,Default,simple,0,018505125142,2.25
admin,base,Default,simple,0,10000229,180
admin,base,Default,simple,0,025900282745,19.99
admin,base,Default,simple,0,025900289911,29.5
admin,base,Default,simple,0,025900282714,29.5
admin,base,Default,simple,0,025900282790,29.5
admin,base,Default,simple,0,025900282813,29.5
admin,base,Default,simple,0,025900285937,29.5
admin,base,Default,simple,0,025900491000,15
admin,base,Default,simple,0,025900491604,15
admin,base,Default,simple,0,025900491109,15
admin,base,Default,simple,0,025900491307,
admin,base,Default,simple,0,070235505793,9.99
admin,base,Default,simple,0,070235505779,9.99
admin,base,Default,simple,0,041689200657,8.99
admin,base,Default,simple,0,041689300494,1.19
admin,base,Default,simple,0,012040801165,3.15
admin,base,Default,simple,0,037900990629,2.19
admin,base,Default,simple,0,037900990612,1.49
admin,base,Default,simple,0,037900990636,2.39
admin,base,Default,simple,0,037900991428,1.59
admin,base,Default,simple,0,41689200657,8.99
admin,base,Default,simple,0,031700010389,18.99
admin,base,Default,simple,0,853195006100,5
admin,base,Default,simple,0,630187580233,7
admin,base,Default,simple,0,616535050740,28.99
admin,base,Default,simple,0,031700010662,28.99
admin,base,Default,simple,0,031700010860,28.99
admin,base,Default,simple,0,031700010754,28.99
admin,base,Default,simple,0,070330602670,31
admin,base,Default,simple,0,070330618961,54.99
admin,base,Default,simple,0,070330618930,47
admin,base,Default,simple,0,070330601277,37.15
admin,base,Default,simple,0,070330639027,37.15
admin,base,Default,simple,0,070330639355,47
admin,base,Default,simple,0,070330622418,47
admin,base,Default,simple,0,070330620964,47
admin,base,Default,simple,0,070330611252,47
admin,base,Default,simple,0,847244002663,13.99
admin,base,Default,simple,0,847244002564,13.99
admin,base,Default,simple,0,847244000492,13.99
admin,base,Default,simple,0,847244002526,13.99
admin,base,Default,simple,0,847244002489,13.99
admin,base,Default,simple,0,847244005534,13.99
admin,base,Default,simple,0,847244002281,13.99
admin,base,Default,simple,0,847244002120,13.99
admin,base,Default,simple,0,847244002069,13.99
admin,base,Default,simple,0,847244000584,13.99
admin,base,Default,simple,0,847244001963,13.99
admin,base,Default,simple,0,847244001918,13.99
admin,base,Default,simple,0,847244001253,13.99
admin,base,Default,simple,0,847244001710,13.99
admin,base,Default,simple,0,847244005565,13.99
admin,base,Default,simple,0,847244001437,13.99
admin,base,Default,simple,0,847244001352,13.99
admin,base,Default,simple,0,847244002151,7.49
admin,base,Default,simple,0,847244001246,7.49
admin,base,Default,simple,0,847244001420,7.49
admin,base,Default,simple,0,5287000553124,6.99
admin,base,Default,simple,0,10000175,12
admin,base,Default,simple,0,091037758101,79.8
admin,base,Default,simple,0,6291100731091,13.99
admin,base,Default,simple,0,6291100731299,13.99
admin,base,Default,simple,0,6291100731893,13.99
admin,base,Default,simple,0,6291100731077,13.99
admin,base,Default,simple,0,6291100731183,13.99
admin,base,Default,simple,0,6291100731206,13.99
admin,base,Default,simple,0,6291100731015,13.99
admin,base,Default,simple,0,6291100737390,13.99
admin,base,Default,simple,0,6291100731039,13.99
admin,base,Default,simple,0,6291100731107,13.99
admin,base,Default,simple,0,6291100732913,13.99
admin,base,Default,simple,0,6291100731145,13.99
admin,base,Default,simple,0,6291100733736,13.99
admin,base,Default,simple,0,6291100731312,13.99
admin,base,Default,simple,0,6291100736768,13.99
admin,base,Default,simple,0,6291100731022,13.99
admin,base,Default,simple,0,6291100731916,13.99
admin,base,Default,simple,0,6291100731213,13.99
admin,base,Default,simple,0,6291100731800,13.99
admin,base,Default,simple,0,6291100732906,13.99
admin,base,Default,simple,0,6291100731060,13.99
admin,base,Default,simple,0,6291100731923,8.25
admin,base,Default,simple,0,6291100732357,8.25
admin,base,Default,simple,0,6291100732616,8.25
admin,base,Default,simple,0,6291100732395,8.25
admin,base,Default,simple,0,6291100732494,8.25
admin,base,Default,simple,0,6291100732975,8.25
admin,base,Default,simple,0,6291100731848,8.25
admin,base,Default,simple,0,6291100732333,8.25
admin,base,Default,simple,0,6291100737673,8.25
admin,base,Default,simple,0,6291100732425,8.25
admin,base,Default,simple,0,6291100732463,8.25
admin,base,Default,simple,0,6291100732821,8.25
admin,base,Default,simple,0,6291100732340,8.25
admin,base,Default,simple,0,6291100731947,8.25
admin,base,Default,simple,0,6291100732470,8.25
admin,base,Default,simple,0,6291100732531,8.25
admin,base,Default,simple,0,6291100732586,8.25
admin,base,Default,simple,0,6291100736218,8.25
admin,base,Default,simple,0,6291100732371,8.25
admin,base,Default,simple,0,6291100737352,8.25
admin,base,Default,simple,0,6291100732388,8.25
admin,base,Default,simple,0,074300081472,1.75
admin,base,Default,simple,0,655708019115,7.5
admin,base,Default,simple,0,10000281,9.99
admin,base,Default,simple,0,10000274,9.99
admin,base,Default,simple,0,022600940500,7.59
admin,base,Default,simple,0,022600953210,8.99
admin,base,Default,simple,0,022600642039,7.59
admin,base,Default,simple,0,022600960034,8.99
admin,base,Default,simple,0,022600930501,8.99
admin,base,Default,simple,0,878114810248,15.99
admin,base,Default,simple,0,878114980248,15.99
admin,base,Default,simple,0,878114550243,15.99
admin,base,Default,simple,0,878114560242,15.99
admin,base,Default,simple,0,878114011058,15.99
admin,base,Default,simple,0,799745282023,4.75
admin,base,Default,simple,0,655708014455,5.99
admin,base,Default,simple,0,658331008273,5.99
admin,base,Default,simple,0,655708019061,7.5
admin,base,Default,simple,0,010624842078,7.49
admin,base,Default,simple,0,022600646037,8.99
admin,base,Default,simple,0,10000038,15.99
admin,base,Default,simple,0,022600642084,8.99
admin,base,Default,simple,0,312546051041,8.49
admin,base,Default,simple,0,312546050785,8.49
admin,base,Default,simple,0,312546050822,8.49
admin,base,Default,simple,0,312546050815,8.49
admin,base,Default,simple,0,312546050808,8.49
admin,base,Default,simple,0,312546050792,8.49
admin,base,Default,simple,0,312546000919,8.49
admin,base,Default,simple,0,042037104726,27.59
admin,base,Default,simple,0,042037104634,6.49
admin,base,Default,simple,0,799745281026,4.75
admin,base,Default,simple,0,018355102416,6.49
admin,base,Default,simple,0,018355202420,6.49
admin,base,Default,simple,0,018355402448,6.49
admin,base,Default,simple,0,602323800758,0.69
admin,base,Default,simple,0,118505122032,2.75
admin,base,Default,simple,0,018505122042,2.75
admin,base,Default,simple,0,018505122059,2.75
admin,base,Default,simple,0,018505122028,2.75
admin,base,Default,simple,0,118505122001,2.75
admin,base,Default,simple,0,118505122018,2.75
admin,base,Default,simple,0,018505123902,41
admin,base,Default,simple,0,118505122063,2.75
admin,base,Default,simple,0,083078123178,10.49
admin,base,Default,simple,0,083078123147,10.49
admin,base,Default,simple,0,083078123154,10.49
admin,base,Default,simple,0,083078123116,10.49
admin,base,Default,simple,0,10000014,25.99
admin,base,Default,simple,0,026948990241,2.29
admin,base,Default,simple,0,077885710614,0.66
admin,base,Default,simple,0,072728020028,1.39
admin,base,Default,simple,0,031146262441,0.87
admin,base,Default,simple,0,072728020042,1.39
admin,base,Default,simple,0,041789001253,0.39
admin,base,Default,simple,0,041789001055,0.39
admin,base,Default,simple,0,041789001154,0.39
admin,base,Default,simple,0,041789001116,0.39
admin,base,Default,simple,0,041789001017,0.39
admin,base,Default,simple,0,041789001444,0.39
admin,base,Default,simple,0,041789001420,0.39
admin,base,Default,simple,0,041789001437,0.39
admin,base,Default,simple,0,041789001499,0.39
admin,base,Default,simple,0,041789001215,0.39
admin,base,Default,simple,0,041789003059,0.83
admin,base,Default,simple,0,041789003035,0.83
admin,base,Default,simple,0,041789003011,0.83
admin,base,Default,simple,0,041789001222,0.39
admin,base,Default,simple,0,017082873859,15.25
admin,base,Default,simple,0,017082873866,15.25
admin,base,Default,simple,0,072728020035,1.39
admin,base,Default,simple,0,031146262748,0.87
admin,base,Default,simple,0,031146262984,0.87
admin,base,Default,simple,0,031146250301,0.87
admin,base,Default,simple,0,031146262571,0.87
admin,base,Default,simple,0,031146026128,0.87
admin,base,Default,simple,0,031146007592,0.87
admin,base,Default,simple,0,031146263257,0.87
admin,base,Default,simple,0,031146250103,0.87
admin,base,Default,simple,0,031146007622,0.87
admin,base,Default,simple,0,031146263622,0.87
admin,base,Default,simple,0,072728020059,1.39
admin,base,Default,simple,0,617723253080,8.99
admin,base,Default,simple,0,874507007622,5.99
admin,base,Default,simple,0,874507007639,1.29
admin,base,Default,simple,0,200802,0.59
admin,base,Default,simple,0,200803,0.59
admin,base,Default,simple,0,10000049,0.59
admin,base,Default,simple,0,10000043,0.75
admin,base,Default,simple,0,039612101744,4.99
admin,base,Default,simple,0,10039612112597,0.89
admin,base,Default,simple,0,6900201211455,11.99
admin,base,Default,simple,0,617723256562,13.99
admin,base,Default,simple,0,655708010914,1.49
admin,base,Default,simple,0,617723252496,13.99
admin,base,Default,simple,0,655708010921,0.69
admin,base,Default,simple,0,10000048,12.79
admin,base,Default,simple,0,8433383806693,0.95
admin,base,Default,simple,0,078300070351,1.99
admin,base,Default,simple,0,617723253110,14.4
admin,base,Default,simple,0,655708010440,7.99
admin,base,Default,simple,0,655708010907,0.5
admin,base,Default,simple,0,6942543801024,0.73
admin,base,Default,simple,0,655708013816,0.79
admin,base,Default,simple,0,655708013823,0.79
admin,base,Default,simple,0,655708013809,0.79
admin,base,Default,simple,0,7898897612023,0.55
admin,base,Default,simple,0,024200092504,3.49
admin,base,Default,simple,0,024200002893,3.49
admin,base,Default,simple,0,024200089788,3.49
admin,base,Default,simple,0,024200092061,3.49
admin,base,Default,simple,0,655708011850,2.75
admin,base,Default,simple,0,655708013205,0.99
admin,base,Default,simple,0,074804004007,6.99
admin,base,Default,simple,0,759959706203,1.79
admin,base,Default,simple,0,050700568317,3.25
admin,base,Default,simple,0,666031101217,8.99
admin,base,Default,simple,0,6986778888870,0.58
admin,base,Default,simple,0,10820524000273,21.99
admin,base,Default,simple,0,6013359458204,0.5
admin,base,Default,simple,0,018505128303,14.4
admin,base,Default,simple,0,079000501121,14.99
admin,base,Default,simple,0,610466010125,1.47
admin,base,Default,simple,0,848228085887,1.79
admin,base,Default,simple,0,088168310155,1.79
admin,base,Default,simple,0,8991111101415,1.99
admin,base,Default,simple,0,381371030057,1.99
admin,base,Default,simple,0,381371030040,1.75
admin,base,Default,simple,0,10000304,1.79
admin,base,Default,simple,0,10000328,1.79
admin,base,Default,simple,0,10000311,2.99
admin,base,Default,simple,0,10000298,2.99
admin,base,Default,simple,0,10000335,2.99
admin,base,Default,simple,0,10000359,1.79
admin,base,Default,simple,0,10000342,2.99
admin,base,Default,simple,0,617723252595,0.73
admin,base,Default,simple,0,8183020118398,0.49
admin,base,Default,simple,0,617723252649,0.49
admin,base,Default,simple,0,617723252564,4.99
admin,base,Default,simple,0,6.92238E+12,8.99
admin,base,Default,simple,0,617723252922,4.99
admin,base,Default,simple,0,6922376880311,6.99
admin,base,Default,simple,0,10000044,3.5
admin,base,Default,simple,0,6922376850260,2.75
admin,base,Default,simple,0,10000047,9.99
admin,base,Default,simple,0,10000061,12
admin,base,Default,simple,0,6986837898185,0.4
admin,base,Default,simple,0,799475853920,7.99
admin,base,Default,simple,0,8433383806686,0.55
admin,base,Default,simple,0,10630187578374,10.99
admin,base,Default,simple,0,617723253097,5.99
admin,base,Default,simple,0,6905422547017,3.49
admin,base,Default,simple,0,658331786478,3.49
admin,base,Default,simple,0,610466016455,3.49
admin,base,Default,simple,0,658331786515,3.49
admin,base,Default,simple,0,837654226148,3.49
admin,base,Default,simple,0,6952938332569,1.49
admin,base,Default,simple,0,893833091006,4.99
admin,base,Default,simple,0,617723253004,8.99
admin,base,Default,simple,0,047701002278,1.89
admin,base,Default,simple,0,895878000210,0.75
admin,base,Default,simple,0,811435002145,18.99
admin,base,Default,simple,0,635279361387,1.29
admin,base,Default,simple,0,099905108140,3
admin,base,Default,simple,0,099905111164,3
admin,base,Default,simple,0,099905210188,3
admin,base,Default,simple,0,6991000000753,1.49
admin,base,Default,simple,0,10000042,0.69
admin,base,Default,simple,0,617723253271,5.99
admin,base,Default,simple,0,655708011607,2.75
admin,base,Default,simple,0,655708011614,2.75
admin,base,Default,simple,0,6.55708E+11,2.75
admin,base,Default,simple,0,655708011621,2.75
admin,base,Default,simple,0,4015400325987,1.05
admin,base,Default,simple,0,6930238542178,0.59
admin,base,Default,simple,0,6937711911100,0.89
admin,base,Default,simple,0,655708011645,3.49
admin,base,Default,simple,0,895301001029,5.49
admin,base,Default,simple,0,854040005293,5.49
admin,base,Default,simple,0,895301001142,5.49
admin,base,Default,simple,0,854040005262,5.99
admin,base,Default,simple,0,895301001333,5.99
admin,base,Default,simple,0,895301001012,5.49
admin,base,Default,simple,0,719410800123,16.49
admin,base,Default,simple,0,719410300128,16.49
admin,base,Default,simple,0,719410200121,16.49
admin,base,Default,simple,0,719410720124,18.75
admin,base,Default,simple,0,719410700126,18.75
admin,base,Default,simple,0,719410740122,18.75
admin,base,Default,simple,0,719410400125,16.49
admin,base,Default,simple,0,719410500122,16.49
admin,base,Default,simple,0,10000168,9.99
admin,base,Default,simple,0,10000120,9.99
admin,base,Default,simple,0,10000151,9.99
admin,base,Default,simple,0,10000144,9.99
admin,base,Default,simple,0,10000137,9.99
admin,base,Default,simple,0,10000250,180
admin,base,Default,simple,0,784762072030,11.99
admin,base,Default,simple,0,784762072108,11.99
admin,base,Default,simple,0,784762072061,11.99
admin,base,Default,simple,0,784762072054,11.99
admin,base,Default,simple,0,784762072009,11.99
admin,base,Default,simple,0,784762072047,11.99
admin,base,Default,simple,0,784762072016,11.99
admin,base,Default,simple,0,784762072023,11.99
admin,base,Default,simple,0,031700901083,15.5
admin,base,Default,simple,0,031700233085,15.5
admin,base,Default,simple,0,031700901557,15.5
admin,base,Default,simple,0,031700901304,15.5
admin,base,Default,simple,0,031700009765,15.5
admin,base,Default,simple,0,031700232279,15.5
admin,base,Default,simple,0,031700901885,15.5
admin,base,Default,simple,0,1111103170008,15.5
admin,base,Default,simple,0,031700900994,15.5
admin,base,Default,simple,0,031700420072,15.5
admin,base,Default,simple,0,031700009727,15.5
admin,base,Default,simple,0,619682577429,5.75
admin,base,Default,simple,0,025900297046,34.99
admin,base,Default,simple,0,025900277239,17.49
admin,base,Default,simple,0,025900277178,20.99
admin,base,Default,simple,0,025900297022,34.99
admin,base,Default,simple,0,025900240905,14.99
admin,base,Default,simple,0,025900240929,14.99
admin,base,Default,simple,0,025900240813,14.99
admin,base,Default,simple,0,025900240868,14.99
admin,base,Default,simple,0,025900286040,32.99
admin,base,Default,simple,0,025900240806,14.99
admin,base,Default,simple,0,025900294304,33.99
admin,base,Default,simple,0,025900227012,21
admin,base,Default,simple,0,025900453381,15.4
admin,base,Default,simple,0,025900278991,15.4
admin,base,Default,simple,0,025900294250,15.4
admin,base,Default,simple,0,025900294243,15.4
admin,base,Default,simple,0,025900435257,15.4
admin,base,Default,simple,0,025900405366,15.4
admin,base,Default,simple,0,025900294229,15.4
admin,base,Default,simple,0,025900430115,15.4
admin,base,Default,simple,0,025900296339,15.4
admin,base,Default,simple,0,025900293789,15.4
admin,base,Default,simple,0,025900294236,15.4
admin,base,Default,simple,0,025900297039,15.4
admin,base,Default,simple,0,025900297015,34.99
admin,base,Default,simple,0,025900286743,33.99
admin,base,Default,simple,0,025900296346,15.4
admin,base,Default,simple,0,025900294205,15.4
admin,base,Default,simple,0,853086004567,29.5
admin,base,Default,simple,0,619682621221,5.75
admin,base,Default,simple,0,619682621382,5.75
admin,base,Default,simple,0,619682621443,5.75
admin,base,Default,simple,0,619682621344,5.75
admin,base,Default,simple,0,619682621481,5.75
admin,base,Default,simple,0,619682621306,5.75
admin,base,Default,simple,0,025900300890,9
admin,base,Default,simple,0,025900300876,9
admin,base,Default,simple,0,025900305925,9
admin,base,Default,simple,0,025900305918,9
admin,base,Default,simple,0,644536730262,9
admin,base,Default,simple,0,644536730071,9
admin,base,Default,simple,0,644536730064,9
admin,base,Default,simple,0,644536730095,9
admin,base,Default,simple,0,644536730248,9
admin,base,Default,simple,0,644536730040,9
admin,base,Default,simple,0,644536730286,9
admin,base,Default,simple,0,644536730279,9
admin,base,Default,simple,0,644536730033,9
admin,base,Default,simple,0,644536730026,9
admin,base,Default,simple,0,079083159554,58.99
admin,base,Default,simple,0,031700232170,6.75
admin,base,Default,simple,0,031700232057,6.75
admin,base,Default,simple,0,031700010372,6.75
admin,base,Default,simple,0,031700232187,6.75
admin,base,Default,simple,0,818892014728,9.25
admin,base,Default,simple,0,818892014636,9.25
admin,base,Default,simple,0,818892014575,9.25
admin,base,Default,simple,0,8.12319E+11,7.69
admin,base,Default,simple,0,812319013707,7.69
admin,base,Default,simple,0,818892015718,7.69
admin,base,Default,simple,0,031700901335,42.99
admin,base,Default,simple,0,031700009857,17
admin,base,Default,simple,0,031700232620,17
admin,base,Default,simple,0,031700009871,17
admin,base,Default,simple,0,031700233061,17
admin,base,Default,simple,0,031700009833,17
admin,base,Default,simple,0,031700420058,17
admin,base,Default,simple,0,031700009802,17
admin,base,Default,simple,0,031700232613,9.25
admin,base,Default,simple,0,031700009895,17
admin,base,Default,simple,0,031700009864,17
admin,base,Default,simple,0,031700009840,17
admin,base,Default,simple,0,031700009888,17
admin,base,Default,simple,0,816518019133,12.99
admin,base,Default,simple,0,816518019119,12.99
admin,base,Default,simple,0,816518017139,10.99
admin,base,Default,simple,0,816518017269,10.99
admin,base,Default,simple,0,816518017245,10.99
admin,base,Default,simple,0,071610496620,17.81
admin,base,Default,simple,0,071610496583,17.81
admin,base,Default,simple,0,071610496309,29.99
admin,base,Default,simple,0,071610496262,29.99
admin,base,Default,simple,0,071610497818,29.99
admin,base,Default,simple,0,071610496040,17.81
admin,base,Default,simple,0,071610496002,17.81
admin,base,Default,simple,0,071610499546,29.99
admin,base,Default,simple,0,071610496347,29.99
admin,base,Default,simple,0,071610496385,29.99
admin,base,Default,simple,0,071610496101,17.81
admin,base,Default,simple,0,071610496705,17.81
admin,base,Default,simple,0,071610499461,29.99
admin,base,Default,simple,0,071610499508,29.99
admin,base,Default,simple,0,071610498556,29.99
admin,base,Default,simple,0,812615002726,7.25
admin,base,Default,simple,0,812615001040,7.25
admin,base,Default,simple,0,812615002702,7.25
admin,base,Default,simple,0,812615002757,7.25
admin,base,Default,simple,0,812615001057,7.25
admin,base,Default,simple,0,812615002733,7.25
admin,base,Default,simple,0,812615002719,7.25
admin,base,Default,simple,0,812615002764,7.25
admin,base,Default,simple,0,025900297411,8.49
admin,base,Default,simple,0,025900297404,8.49
admin,base,Default,simple,0,717519011112,51
admin,base,Default,simple,0,717519011143,51
admin,base,Default,simple,0,717519011105,51
admin,base,Default,simple,0,717519001052,63
admin,base,Default,simple,0,717519001076,63
admin,base,Default,simple,0,717519008822,51
admin,base,Default,simple,0,076452562038,18.99
admin,base,Default,simple,0,76452562038,18.49
admin,base,Default,simple,0,076452562045,18.99
admin,base,Default,simple,0,025900295400,33.99
admin,base,Default,simple,0,025900292867,26.75
admin,base,Default,simple,0,025900277208,25.99
admin,base,Default,simple,0,025900205591,24.99
admin,base,Default,simple,0,025900405632,24.99
admin,base,Default,simple,0,076452304515,65.99
admin,base,Default,simple,0,076452304508,65.99
admin,base,Default,simple,0,071610760561,22.49
admin,base,Default,simple,0,071610502376,17.99
admin,base,Default,simple,0,751667090629,30
admin,base,Default,simple,0,751667074223,30
admin,base,Default,simple,0,751667067584,30
admin,base,Default,simple,0,751667090667,30
admin,base,Default,simple,0,751667067546,30
admin,base,Default,simple,0,751667074346,30
admin,base,Default,simple,0,025900293345,36.99
admin,base,Default,simple,0,025900283605,36.99
admin,base,Default,simple,0,025900293307,36.99
admin,base,Default,simple,0,025900296414,36.99
admin,base,Default,simple,0,070137505297,32
admin,base,Default,simple,0,070137505259,32
admin,base,Default,simple,0,070137500230,29
admin,base,Default,simple,0,070137510185,29
admin,base,Default,simple,0,070137500186,29
admin,base,Default,simple,0,070137500384,29
admin,base,Default,simple,0,070137500421,29
admin,base,Default,simple,0,070137500889,29
admin,base,Default,simple,0,070137005230,14.5
admin,base,Default,simple,0,070137525257,16
admin,base,Default,simple,0,070137525295,16
admin,base,Default,simple,0,070137005186,14.5
admin,base,Default,simple,0,070137511274,8.99
admin,base,Default,simple,0,070137512486,8.99
admin,base,Default,simple,0,799953003113,60.49
admin,base,Default,simple,0,799953034117,60.49
admin,base,Default,simple,0,799953024118,60.49
admin,base,Default,simple,0,799953037118,60.49
admin,base,Default,simple,0,799953013112,60.49
admin,base,Default,simple,0,799953010111,60.49
admin,base,Default,simple,0,7.99953E+11,60.49
admin,base,Default,simple,0,799953002116,60.49
admin,base,Default,simple,0,799953001119,60.49
admin,base,Default,simple,0,799953020110,60.49
admin,base,Default,simple,0,799953011118,60.49
admin,base,Default,simple,0,033300635900,18.49
admin,base,Default,simple,0,033300635849,18.99
admin,base,Default,simple,0,033300632541,30.99
admin,base,Default,simple,0,033300632251,26.99
admin,base,Default,simple,0,033300635368,17.5
admin,base,Default,simple,0,064307000804,1.24
admin,base,Default,simple,0,6991000000760,5.99
admin,base,Default,simple,0,715064500365,1.99
admin,base,Default,simple,0,610466021350,5.99
admin,base,Default,simple,0,8901802002020,3
admin,base,Default,simple,0,604022236685,3.99
admin,base,Default,simple,0,8901802001023,3
admin,base,Default,simple,0,610466017285,6
admin,base,Default,simple,0,8901810281721,4
admin,base,Default,simple,0,8901810001046,3
admin,base,Default,simple,0,8901810001022,3
admin,base,Default,simple,0,8901810151031,4
admin,base,Default,simple,0,8901810001459,3
admin,base,Default,simple,0,8901810001466,3
admin,base,Default,simple,0,8901810151628,4
admin,base,Default,simple,0,8901810281516,4
admin,base,Default,simple,0,8901810001237,3
admin,base,Default,simple,0,8901810001114,3
admin,base,Default,simple,0,8901810001794,3
admin,base,Default,simple,0,8.90181E+12,3
admin,base,Default,simple,0,0749967302917,25.99
admin,base,Default,simple,0,749967302917,25.99
admin,base,Default,simple,0,091037553416,25.99
admin,base,Default,simple,0,10000243,90
admin,base,Default,simple,0,087860098934,25.99
admin,base,Default,simple,0,087860098224,48.99
admin,base,Default,simple,0,10000021,71
admin,base,Default,simple,0,1.08614E+13,35
admin,base,Default,simple,0,1.28193E+11,36
admin,base,Default,simple,0,8.40124E+11,33
admin,base,Default,simple,0,8.18892E+11,8.19
admin,base,Default,simple,0,8.18892E+11,8.19
admin,base,Default,simple,0,8.18892E+11,8.19
admin,base,Default,simple,0,8.18892E+11,8.19
admin,base,Default,simple,0,8.16518E+11,9.99
admin,base,Default,simple,0,8.16518E+11,9.99
admin,base,Default,simple,0,8.16518E+11,9.99
admin,base,Default,simple,0,8.16518E+11,9.99
admin,base,Default,simple,0,8.18892E+11,7.69
admin,base,Default,simple,0,8.18892E+11,7.69
admin,base,Default,simple,0,8.18892E+11,7.69
admin,base,Default,simple,0,8.18892E+11,7.69
admin,base,Default,simple,0,8.12319E+11,7.69
admin,base,Default,simple,0,200234,12.99
admin,base,Default,simple,0,200233,11.99
admin,base,Default,simple,0,200231,26.99
admin,base,Default,simple,0,200230,20.99
admin,base,Default,simple,0,200229,45.99
admin,base,Default,simple,0,200228,45.99
admin,base,Default,simple,0,200227,42.99
admin,base,Default,simple,0,200225,48.99
admin,base,Default,simple,0,200224,48.99
admin,base,Default,simple,0,200222,48.99
admin,base,Default,simple,0,200221,48.99
admin,base,Default,simple,0,200220,48.99
admin,base,Default,simple,0,200219,38.99
admin,base,Default,simple,0,200218,6.99
admin,base,Default,simple,0,200217,12.99
admin,base,Default,simple,0,200216,12.99
admin,base,Default,simple,0,200215,10.99
admin,base,Default,simple,0,200214,10.99
admin,base,Default,simple,0,200213,18.99
admin,base,Default,simple,0,200212,9.99
admin,base,Default,simple,0,200211,12.99
admin,base,Default,simple,0,200210,18.99
admin,base,Default,simple,0,200209,4.49
admin,base,Default,simple,0,200208,8.99
admin,base,Default,simple,0,200207,2.99
admin,base,Default,simple,0,200206,2.49
admin,base,Default,simple,0,200205,9.99
admin,base,Default,simple,0,200204,12.99
admin,base,Default,simple,0,200203,13.99
admin,base,Default,simple,0,200202,9.99
admin,base,Default,simple,0,200201,8.99
admin,base,Default,simple,0,044600311715,3.25
admin,base,Default,simple,0,017082875372,25
admin,base,Default,simple,0,017082879097,2.37
admin,base,Default,simple,0,017082879066,2.37
admin,base,Default,simple,0,017082879080,2.37
admin,base,Default,simple,0,017082878380,2.37
admin,base,Default,simple,0,017082876102,2.37
admin,base,Default,simple,0,017082878380,25
admin,base,Default,simple,0,017082878380,25
admin,base,Default,simple,0,017082006134,21
admin,base,Default,simple,0,017082006035,21
admin,base,Default,simple,0,017082006035,21
admin,base,Default,simple,0,017082006738,21
admin,base,Default,simple,0,757528008680,21.48
admin,base,Default,simple,0,757528008796,12.64
admin,base,Default,simple,0,263,40.41
admin,base,Default,simple,0,264,44.82
admin,base,Default,simple,0,265,18.99
admin,base,Default,simple,0,267,19.99
admin,base,Default,simple,0,268,18.99
admin,base,Default,simple,0,272,14.75
admin,base,Default,simple,0,273,13.8
admin,base,Default,simple,0,274,13.35
admin,base,Default,simple,0,275,25.5
admin,base,Default,simple,0,276,21.25
admin,base,Default,simple,0,277,21.25
admin,base,Default,simple,0,278,21.25
admin,base,Default,simple,0,200101,6.99
admin,base,Default,simple,0,200102,6.99
admin,base,Default,simple,0,200103,2.99
admin,base,Default,simple,0,200104,4.5
admin,base,Default,simple,0,200105,6.99
admin,base,Default,simple,0,200106,3.49
admin,base,Default,simple,0,200107,4.99
admin,base,Default,simple,0,200108,4.5
admin,base,Default,simple,0,200109,6.99
admin,base,Default,simple,0,200110,5
admin,base,Default,simple,0,200111,4.5
admin,base,Default,simple,0,200112,6.99
admin,base,Default,simple,0,200113,3.99
admin,base,Default,simple,0,200114,2.99
admin,base,Default,simple,0,200115,2.49
admin,base,Default,simple,0,200116,49.99
admin,base,Default,simple,0,200117,15.99
admin,base,Default,simple,0,200118,6.99
admin,base,Default,simple,0,200119,13.99
admin,base,Default,simple,0,200120,22.99
admin,base,Default,simple,0,200121,4.29
admin,base,Default,simple,0,200121,22.99
admin,base,Default,simple,0,200123,9.99
admin,base,Default,simple,0,200124,6.99
admin,base,Default,simple,0,200242,39.99
admin,base,Default,simple,0,200243,6.99
admin,base,Default,simple,0,200244,6.99
admin,base,Default,simple,0,200245,4.5
admin,base,Default,simple,0,200246,3.99
admin,base,Default,simple,0,200247,3.99
admin,base,Default,simple,0,200248,49.75
admin,base,Default,simple,0,200249,39.8
admin,base,Default,simple,0,200250,29.99
admin,base,Default,simple,0,200251,24.5
admin,base,Default,simple,0,200252,20
admin,base,Default,simple,0,200253,49.99
admin,base,Default,simple,0,200254,35
admin,base,Default,simple,0,200255,37.35
admin,base,Default,simple,0,200256,29.9
admin,base,Default,simple,0,200257,12.45
admin,base,Default,simple,0,200258,74.7
admin,base,Default,simple,0,200259,67.35
admin,base,Default,simple,0,200260,74.49
admin,base,Default,simple,0,200261,41.86
admin,base,Default,simple,0,200262,40.41
admin,base,Default,simple,0,200266,6.99
admin,base,Default,simple,0,200269,18.99
admin,base,Default,simple,0,200270,3.99
admin,base,Default,simple,0,4164128,10.4405
admin,base,Default,simple,0,11900041,1.99
admin,base,Default,simple,0,41689102708,9.4905
admin,base,Default,simple,0,41689102791,9.4905
admin,base,Default,simple,0,41689105006,13.2905
admin,base,Default,simple,0,41689105808,13.2905
admin,base,Default,simple,0,41689125394,13.7655
admin,base,Default,simple,0,41689132521,12.8155
admin,base,Default,simple,0,41689164270,18.9905
admin,base,Default,simple,0,41689169282,18.9905
admin,base,Default,simple,0,41689190521,11.8655
admin,base,Default,simple,0,41689192068,15.1905
admin,base,Default,simple,0,41689208318,13.7655
admin,base,Default,simple,0,41689208424,11.8655
admin,base,Default,simple,0,41689240073,11.8655
admin,base,Default,simple,0,41689240110,12.3405
admin,base,Default,simple,0,41689240257,11.8655
admin,base,Default,simple,0,41689243395,10.4405
admin,base,Default,simple,0,41689244729,12.8155
admin,base,Default,simple,0,41689247645,11.3905
admin,base,Default,simple,0,41689247799,10.9155
admin,base,Default,simple,0,41689247973,11.3905
admin,base,Default,simple,0,41689248925,11.8655
admin,base,Default,simple,0,41689249915,11.8655
admin,base,Default,simple,0,41689281809,12.8155
admin,base,Default,simple,0,41689282646,13.2905
admin,base,Default,simple,0,41689282677,23.7405
admin,base,Default,simple,0,41689282691,12.3405
admin,base,Default,simple,0,41689282745,14.7155
admin,base,Default,simple,0,41689282868,12.3405
admin,base,Default,simple,0,41689282905,12.3405
admin,base,Default,simple,0,41689284329,11.8655
admin,base,Default,simple,0,41689284428,15.1905
admin,base,Default,simple,0,41689284480,13.2905
admin,base,Default,simple,0,41689284497,15.1905
admin,base,Default,simple,0,41689284503,14.2405
admin,base,Default,simple,0,41689284572,10.4405
admin,base,Default,simple,0,41689284589,10.4405
admin,base,Default,simple,0,41689284718,12.8155
admin,base,Default,simple,0,41689284855,14.2405
admin,base,Default,simple,0,41689284886,11.8655
admin,base,Default,simple,0,41689285029,11.8655
admin,base,Default,simple,0,41689285043,13.2905
admin,base,Default,simple,0,41689285265,15.1905
admin,base,Default,simple,0,41689285944,13.2905
admin,base,Default,simple,0,41689286125,13.2905
admin,base,Default,simple,0,41689286149,13.2905
admin,base,Default,simple,0,41689286422,11.3905
admin,base,Default,simple,0,41689286538,11.3905
admin,base,Default,simple,0,41689286644,11.8655
admin,base,Default,simple,0,41689287382,14.7155
admin,base,Default,simple,0,41689287467,14.2405
admin,base,Default,simple,0,41689288211,12.8155
admin,base,Default,simple,0,41689288228,11.8655
admin,base,Default,simple,0,41689288235,11.8655
admin,base,Default,simple,0,41689288266,14.2405
admin,base,Default,simple,0,41689288303,13.7655
admin,base,Default,simple,0,41689288310,11.3905
admin,base,Default,simple,0,41689288365,11.8655
admin,base,Default,simple,0,41689288389,13.2905
admin,base,Default,simple,0,41689288396,12.3405
admin,base,Default,simple,0,41689288419,11.8655
admin,base,Default,simple,0,41689288426,12.8155
admin,base,Default,simple,0,41689288440,11.8655
admin,base,Default,simple,0,41689288457,14.7155
admin,base,Default,simple,0,41689288464,11.3905
admin,base,Default,simple,0,41689288471,11.3905
admin,base,Default,simple,0,41689288495,10.4405
admin,base,Default,simple,0,41689288525,11.8655
admin,base,Default,simple,0,41689288532,10.4405
admin,base,Default,simple,0,41689288549,13.7655
admin,base,Default,simple,0,41689288563,14.2405
admin,base,Default,simple,0,41689288570,14.2405
admin,base,Default,simple,0,41689288587,14.2405
admin,base,Default,simple,0,41689288594,12.8155
admin,base,Default,simple,0,41689288679,10.4405
admin,base,Default,simple,0,41689288686,10.4405
admin,base,Default,simple,0,41689288716,13.2905
admin,base,Default,simple,0,41689288754,13.7655
admin,base,Default,simple,0,41689288761,10.4405
admin,base,Default,simple,0,41689288778,10.4215
admin,base,Default,simple,0,41689288822,12.8155
admin,base,Default,simple,0,41689288860,10.4405
admin,base,Default,simple,0,41689288983,14.2405
admin,base,Default,simple,0,41689288990,12.255
admin,base,Default,simple,0,41689289003,14.7155
admin,base,Default,simple,0,41689289300,14.7155
admin,base,Default,simple,0,41689289317,17.0905
admin,base,Default,simple,0,41689289324,14.7155
admin,base,Default,simple,0,73854009147,11.99
admin,base,Default,simple,0,7.34366E+11,4.25
admin,base,Default,simple,0,7.34366E+11,4.79
admin,base,Default,simple,0,7.34366E+11,4.25
admin,base,Default,simple,0,7.34366E+11,4.25
admin,base,Default,simple,0,7.34366E+11,4.25
admin,base,Default,simple,0,7.34366E+11,4.79
admin,base,Default,simple,0,7.34366E+11,4.79
admin,base,Default,simple,0,7.34366E+11,4.25
admin,base,Default,simple,0,7.34366E+11,4.25
admin,base,Default,simple,0,7.34366E+11,4.79
admin,base,Default,simple,0,7.34366E+11,4.79
admin,base,Default,simple,0,7.34366E+11,4.79
admin,base,Default,simple,0,7.34366E+11,4.79
admin,base,Default,simple,0,7.34366E+11,4.25
admin,base,Default,simple,0,018505122257,55
admin,base,Default,simple,0,039612118346,2.99
admin,base,Default,simple,0,076768113009,1.6
admin,base,Default,simple,0,077170260084,21.49
admin,base,Default,simple,0,077170260862,14.99
admin,base,Default,simple,0,085502141055,25
admin,base,Default,simple,0,10000041,0.69
admin,base,Default,simple,0,10000045,30
admin,base,Default,simple,0,10000052,20
admin,base,Default,simple,0,10000069,19
admin,base,Default,simple,0,10000076,19
admin,base,Default,simple,0,10000083,19
admin,base,Default,simple,0,10000090,19
admin,base,Default,simple,0,10000114,1.25
admin,base,Default,simple,0,10000182,14
admin,base,Default,simple,0,10000199,25
admin,base,Default,simple,0,1003600005122,55.99
admin,base,Default,simple,0,10077170260111,21.49
admin,base,Default,simple,0,1082052400020,4.6
admin,base,Default,simple,0,197905250392,0.59
admin,base,Default,simple,0,200271,6.99
admin,base,Default,simple,0,200280,29.85
admin,base,Default,simple,0,200801,23
admin,base,Default,simple,0,300742541282,1.29
admin,base,Default,simple,0,30655708010922,1.29
admin,base,Default,simple,0,609465954400,20
admin,base,Default,simple,0,655708019467,8.99
admin,base,Default,simple,0,6922376870206,5.89
admin,base,Default,simple,0,6991000000784,5.99
admin,base,Default,simple,0,704936008214,25.5
admin,base,Default,simple,0,857995003857,3.49
